StudentID,attendance,marks,attempts,fees_due,did_dropout
STD-0001,84.5,68.39,2,10000,0
STD-0002,75.8,67.34,1,0,0
STD-0003,78.95,69.47,1,10000,0
STD-0004,76.07,59.99,1,20000,0
STD-0005,80.21,83.26,1,10000,0
STD-0006,78.22,74.71,1,0,0
STD-0007,80.05,77.06,3,0,0
STD-0008,80.81,55.68,3,0,1
STD-0009,97.4,72.68,1,20000,0
STD-0010,100.0,77.67,2,0,0
STD-0011,86.21,65.21,3,20000,0
STD-0012,67.96,100.0,1,0,0
STD-0013,82.14,84.36,2,30000,0
STD-0014,92.28,72.24,3,10000,0
STD-0015,90.49,80.02,1,0,0
STD-0016,87.64,77.03,1,10000,0
STD-0017,93.31,93.39,1,50000,0
STD-0018,72.4,66.07,1,0,0
STD-0019,89.0,88.31,1,0,0
STD-0020,73.7,70.38,1,10000,0
STD-0021,100.0,100.0,1,30000,0
STD-0022,95.01,77.0,1,30000,0
STD-0023,92.2,93.46,1,10000,0
STD-0024,75.29,95.88,3,50000,0
STD-0025,74.36,97.36,1,0,0
STD-0026,78.03,65.07,2,50000,0
STD-0027,92.09,57.76,1,50000,0
STD-0028,82.95,64.48,2,10000,0
STD-0029,99.95,82.3,3,0,0
STD-0030,79.54,66.74,2,10000,0
STD-0031,74.43,70.14,1,0,0
STD-0032,86.33,57.47,1,75000,0
STD-0033,65.08,68.6,1,20000,0
STD-0034,65.51,89.09,2,10000,0
STD-0035,92.31,83.75,1,0,0
STD-0036,86.51,75.35,1,75000,1
STD-0037,67.84,65.71,1,10000,0
STD-0038,92.46,65.41,1,20000,0
STD-0039,99.21,63.06,1,100000,0
STD-0040,86.89,64.79,1,0,0
STD-0041,100.0,88.89,1,0,0
STD-0042,77.18,64.79,1,0,0
STD-0043,100.0,91.8,2,0,0
STD-0044,77.76,79.12,1,75000,0
STD-0045,81.83,73.23,1,0,0
STD-0046,100.0,55.57,3,0,0
STD-0047,94.22,80.52,1,75000,1
STD-0048,78.04,85.37,1,0,0
STD-0049,93.53,83.69,2,20000,0
STD-0050,75.66,81.23,1,20000,0
STD-0051,83.39,73.69,2,20000,0
STD-0052,88.33,85.77,1,10000,0
STD-0053,89.48,53.39,1,30000,0
STD-0054,79.04,65.07,1,10000,0
STD-0055,80.73,67.33,1,10000,0
STD-0056,89.51,73.34,1,0,0
STD-0057,87.09,57.81,3,0,1
STD-0058,80.73,100.0,2,0,0
STD-0059,90.76,88.75,1,0,0
STD-0060,98.06,64.5,2,0,1
STD-0061,79.41,84.04,1,0,0
STD-0062,77.16,69.49,1,10000,0
STD-0063,76.33,100.0,1,0,0
STD-0064,93.11,69.44,1,0,0
STD-0065,69.68,40.89,2,0,0
STD-0066,75.21,66.75,2,0,0
STD-0067,98.63,80.25,1,0,0
STD-0068,90.85,58.24,1,0,0
STD-0069,71.44,88.55,1,0,0
STD-0070,91.94,64.79,1,0,0
STD-0071,89.22,89.25,1,30000,0
STD-0072,96.86,66.27,2,0,0
STD-0073,78.9,45.34,1,0,0
STD-0074,90.76,53.83,1,20000,0
STD-0075,77.46,72.67,3,0,0
STD-0076,81.49,87.33,3,0,0
STD-0077,84.45,91.89,1,0,0
STD-0078,100.0,61.58,1,0,0
STD-0079,78.17,86.17,3,0,0
STD-0080,91.7,63.55,1,10000,0
STD-0081,91.61,90.43,3,0,0
STD-0082,90.91,81.37,1,20000,0
STD-0083,91.32,55.98,2,0,0
STD-0084,74.16,62.04,2,20000,0
STD-0085,90.52,62.49,1,30000,0
STD-0086,98.33,80.85,1,50000,1
STD-0087,76.95,87.6,3,20000,0
STD-0088,94.7,75.04,1,0,0
STD-0089,100.0,82.24,1,10000,0
STD-0090,77.87,59.02,1,0,0
STD-0091,89.37,67.86,1,0,0
STD-0092,83.3,76.35,2,50000,1
STD-0093,75.06,60.08,2,0,0
STD-0094,82.47,80.18,1,0,0
STD-0095,93.56,79.48,2,10000,0
STD-0096,80.97,70.47,1,50000,0
STD-0097,98.16,64.32,1,0,0
STD-0098,93.13,72.61,2,20000,0
STD-0099,89.71,75.33,1,0,0
STD-0100,68.84,98.24,1,0,0
STD-0101,75.08,59.34,3,0,0
STD-0102,70.42,98.71,1,0,0
STD-0103,75.72,82.48,2,0,0
STD-0104,90.87,61.15,2,0,0
STD-0105,95.54,80.38,3,30000,0
STD-0106,83.87,54.9,2,50000,0
STD-0107,64.49,56.18,1,20000,0
STD-0108,83.32,83.7,1,0,0
STD-0109,90.09,47.89,1,10000,0
STD-0110,80.69,87.07,1,0,0
STD-0111,90.78,50.46,3,0,0
STD-0112,88.2,80.77,1,0,0
STD-0113,75.89,82.48,3,0,0
STD-0114,73.09,77.31,3,0,0
STD-0115,87.87,58.69,3,30000,0
STD-0116,82.46,72.58,3,10000,0
STD-0117,82.32,68.12,1,0,0
STD-0118,76.13,48.97,3,75000,1
STD-0119,93.95,86.99,1,20000,0
STD-0120,73.6,78.1,2,0,0
STD-0121,91.9,75.24,1,0,0
STD-0122,100.0,85.6,1,30000,0
STD-0123,69.12,51.67,1,50000,1
STD-0124,77.15,73.65,1,0,0
STD-0125,95.81,66.68,1,0,0
STD-0126,80.3,82.46,1,30000,0
STD-0127,100.0,50.05,1,10000,1
STD-0128,78.53,58.82,1,20000,0
STD-0129,71.02,75.28,2,0,0
STD-0130,86.83,83.32,3,0,0
STD-0131,83.04,100.0,1,0,0
STD-0132,100.0,86.09,2,10000,1
STD-0133,100.0,70.56,3,0,1
STD-0134,86.27,84.49,1,0,0
STD-0135,97.41,74.62,2,100000,1
STD-0136,80.19,72.87,1,30000,0
STD-0137,98.21,58.75,3,10000,0
STD-0138,76.86,68.41,2,50000,0
STD-0139,94.92,40.66,3,20000,1
STD-0140,85.25,91.27,1,0,0
STD-0141,86.54,86.23,1,0,0
STD-0142,100.0,68.35,1,75000,1
STD-0143,59.06,52.3,1,20000,1
STD-0144,82.25,52.87,1,0,0
STD-0145,66.59,87.69,3,50000,1
STD-0146,77.61,70.86,1,20000,0
STD-0147,68.2,74.09,1,0,0
STD-0148,72.48,63.64,3,10000,0
STD-0149,91.64,75.32,1,10000,0
STD-0150,85.74,74.85,1,0,0
STD-0151,94.97,81.83,1,0,0
STD-0152,65.94,69.28,1,50000,0
STD-0153,79.38,92.65,1,0,0
STD-0154,82.96,75.85,1,0,0
STD-0155,100.0,87.26,1,50000,0
STD-0156,91.48,70.26,1,75000,0
STD-0157,100.0,83.7,1,30000,0
STD-0158,89.98,64.34,3,0,0
STD-0159,85.14,60.78,1,0,0
STD-0160,87.34,86.75,3,0,0
STD-0161,85.69,85.6,1,50000,1
STD-0162,92.25,78.53,2,100000,0
STD-0163,93.56,66.64,1,0,0
STD-0164,96.56,39.91,1,50000,0
STD-0165,78.0,92.63,1,100000,0
STD-0166,91.11,79.85,2,20000,0
STD-0167,75.46,73.1,3,0,0
STD-0168,91.19,95.65,3,0,0
STD-0169,79.3,68.43,1,0,0
STD-0170,85.04,81.57,2,30000,0
STD-0171,82.13,85.84,2,30000,0
STD-0172,93.48,100.0,2,100000,0
STD-0173,73.42,59.59,1,0,0
STD-0174,100.0,80.44,3,10000,0
STD-0175,75.37,92.53,2,10000,1
STD-0176,93.54,86.28,1,10000,0
STD-0177,63.64,80.46,3,0,0
STD-0178,92.43,87.05,1,0,0
STD-0179,97.01,74.39,3,0,0
STD-0180,91.56,62.42,1,0,0
STD-0181,77.53,79.15,1,20000,0
STD-0182,75.39,61.92,1,0,0
STD-0183,71.74,43.91,2,10000,1
STD-0184,74.34,81.54,1,20000,0
STD-0185,95.38,58.86,1,10000,0
STD-0186,97.4,56.27,2,0,1
STD-0187,74.43,71.91,1,10000,0
STD-0188,84.72,83.96,1,0,0
STD-0189,97.77,84.07,1,30000,0
STD-0190,94.66,83.83,3,0,0
STD-0191,84.38,56.63,1,0,0
STD-0192,83.86,80.51,3,0,0
STD-0193,82.49,69.21,3,20000,0
STD-0194,100.0,73.29,1,0,0
STD-0195,80.59,75.46,3,20000,0
STD-0196,68.9,93.65,1,0,0
STD-0197,76.99,100.0,1,10000,0
STD-0198,90.39,65.69,1,10000,0
STD-0199,81.83,100.0,1,20000,0
STD-0200,93.49,91.3,1,0,0
STD-0201,81.99,64.24,1,20000,0
STD-0202,85.2,74.78,1,0,0
STD-0203,94.59,50.06,1,0,0
STD-0204,75.61,61.26,1,20000,0
STD-0205,91.36,76.52,1,10000,0
STD-0206,85.57,100.0,1,0,0
STD-0207,81.21,68.15,2,30000,0
STD-0208,69.82,63.78,1,30000,0
STD-0209,92.95,70.12,3,0,0
STD-0210,93.97,77.16,1,0,0
STD-0211,95.02,66.87,2,10000,0
STD-0212,87.57,48.57,2,100000,0
STD-0213,94.29,67.2,1,0,0
STD-0214,78.18,85.26,3,30000,0
STD-0215,65.75,73.23,1,30000,0
STD-0216,91.37,75.78,2,50000,0
STD-0217,82.4,95.79,1,75000,0
STD-0218,84.35,71.7,1,0,0
STD-0219,76.57,100.0,1,0,0
STD-0220,88.86,81.13,1,50000,0
STD-0221,95.8,75.87,1,10000,0
STD-0222,81.11,92.37,1,0,0
STD-0223,74.86,62.98,2,0,0
STD-0224,80.38,72.26,3,0,0
STD-0225,83.65,86.76,3,0,0
STD-0226,79.65,67.45,1,10000,0
STD-0227,89.03,92.75,2,0,0
STD-0228,100.0,78.25,1,0,0
STD-0229,71.29,66.71,1,0,0
STD-0230,77.15,54.52,1,10000,0
STD-0231,100.0,78.88,1,0,0
STD-0232,80.58,66.14,1,10000,0
STD-0233,90.69,88.57,1,0,0
STD-0234,86.64,40.52,1,75000,0
STD-0235,79.12,52.15,1,20000,0
STD-0236,73.36,84.93,2,10000,0
STD-0237,86.03,78.06,1,0,0
STD-0238,84.48,86.63,2,0,0
STD-0239,75.27,80.78,1,10000,0
STD-0240,80.89,54.92,1,0,0
STD-0241,88.16,71.68,1,75000,0
STD-0242,64.5,73.71,2,30000,1
STD-0243,89.02,73.4,2,10000,0
STD-0244,66.44,65.19,1,50000,0
STD-0245,90.75,58.84,2,30000,0
STD-0246,100.0,81.51,1,30000,0
STD-0247,97.38,96.55,1,0,0
STD-0248,83.02,100.0,1,0,0
STD-0249,74.02,87.16,1,0,0
STD-0250,93.71,65.93,1,50000,0
STD-0251,93.82,76.49,1,0,0
STD-0252,77.45,55.98,3,0,0
STD-0253,89.74,61.73,2,0,0
STD-0254,95.68,61.31,1,20000,0
STD-0255,100.0,53.91,1,0,0
STD-0256,85.55,81.96,1,75000,0
STD-0257,77.58,65.23,2,10000,0
STD-0258,73.54,70.5,1,10000,0
STD-0259,75.31,49.01,1,0,0
STD-0260,71.95,90.66,2,75000,1
STD-0261,95.59,82.31,1,10000,0
STD-0262,81.42,68.16,1,50000,0
STD-0263,73.3,91.73,1,50000,0
STD-0264,78.64,75.7,1,0,0
STD-0265,88.31,66.03,1,0,0
STD-0266,89.83,53.4,3,50000,1
STD-0267,79.14,51.52,3,0,1
STD-0268,82.86,80.03,1,10000,0
STD-0269,80.98,69.38,3,0,0
STD-0270,61.04,88.15,1,20000,0
STD-0271,94.07,74.4,1,0,0
STD-0272,76.46,84.39,1,10000,0
STD-0273,76.23,100.0,1,10000,0
STD-0274,89.65,90.86,1,0,0
STD-0275,87.02,68.43,1,10000,0
STD-0276,75.43,67.69,2,10000,0
STD-0277,69.23,61.11,1,0,1
STD-0278,90.65,55.5,1,0,0
STD-0279,78.95,90.05,1,30000,0
STD-0280,84.07,64.92,2,10000,0
STD-0281,80.24,85.02,1,0,0
STD-0282,79.71,63.21,1,0,0
STD-0283,94.69,51.13,1,0,0
STD-0284,96.45,78.85,2,0,0
STD-0285,78.68,57.2,1,0,0
STD-0286,100.0,67.23,1,0,0
STD-0287,95.28,69.6,1,100000,0
STD-0288,85.55,63.97,2,0,0
STD-0289,71.39,100.0,2,0,0
STD-0290,94.97,71.76,1,0,0
STD-0291,76.5,62.16,1,0,0
STD-0292,81.82,57.3,3,10000,0
STD-0293,87.27,68.6,1,0,0
STD-0294,91.29,54.78,2,20000,1
STD-0295,89.49,77.97,1,10000,0
STD-0296,78.52,83.35,1,0,0
STD-0297,84.27,95.62,2,0,0
STD-0298,83.05,67.89,1,0,0
STD-0299,97.48,71.87,3,0,0
STD-0300,92.69,60.77,1,20000,0
STD-0301,81.1,60.71,1,0,0
STD-0302,79.42,57.41,3,20000,0
STD-0303,100.0,41.09,1,0,1
STD-0304,72.95,51.01,2,0,1
STD-0305,73.13,68.41,1,0,0
STD-0306,92.43,82.49,3,30000,0
STD-0307,93.15,63.96,1,0,0
STD-0308,91.85,50.07,1,0,1
STD-0309,79.13,64.66,2,20000,0
STD-0310,76.87,77.7,1,10000,0
STD-0311,76.92,69.58,1,50000,0
STD-0312,76.63,71.32,3,30000,0
STD-0313,67.19,83.65,1,0,0
STD-0314,88.57,75.49,2,0,0
STD-0315,81.78,92.12,1,50000,1
STD-0316,80.25,77.88,2,50000,0
STD-0317,90.13,68.19,1,0,0
STD-0318,65.31,50.51,2,0,1
STD-0319,53.02,94.4,1,0,0
STD-0320,91.0,55.92,3,0,0
STD-0321,81.79,84.75,1,10000,0
STD-0322,93.47,98.85,1,10000,0
STD-0323,100.0,65.92,1,0,0
STD-0324,85.01,96.02,1,0,0
STD-0325,95.32,84.29,1,50000,0
STD-0326,79.83,87.76,2,0,0
STD-0327,77.1,74.67,1,10000,0
STD-0328,83.52,61.34,3,10000,0
STD-0329,90.78,67.97,3,0,0
STD-0330,95.31,79.85,3,10000,0
STD-0331,75.47,78.41,1,30000,0
STD-0332,70.3,62.8,2,10000,0
STD-0333,82.51,95.88,2,50000,1
STD-0334,87.89,82.07,1,0,0
STD-0335,95.19,92.38,2,0,1
STD-0336,92.49,76.79,3,0,0
STD-0337,93.4,85.68,1,0,0
STD-0338,82.4,71.44,1,0,0
STD-0339,70.1,100.0,1,0,0
STD-0340,81.06,73.66,1,0,0
STD-0341,82.03,94.27,3,10000,0
STD-0342,92.72,70.74,1,10000,0
STD-0343,95.06,62.48,1,0,0
STD-0344,86.7,83.57,3,0,0
STD-0345,87.34,57.58,1,75000,0
STD-0346,82.66,91.52,2,30000,0
STD-0347,80.54,88.39,1,20000,0
STD-0348,94.76,57.82,1,0,0
STD-0349,90.28,74.17,1,75000,0
STD-0350,87.0,76.31,1,0,0
STD-0351,94.81,81.18,1,0,0
STD-0352,88.79,78.98,1,10000,0
STD-0353,76.44,75.95,1,0,0
STD-0354,76.26,69.12,3,0,0
STD-0355,85.6,47.64,1,50000,0
STD-0356,77.17,84.33,2,30000,0
STD-0357,85.81,84.7,3,0,0
STD-0358,88.41,89.91,1,20000,0
STD-0359,84.07,79.04,1,50000,0
STD-0360,99.64,69.65,1,50000,0
STD-0361,83.28,65.5,3,0,1
STD-0362,82.77,78.63,1,0,0
STD-0363,55.02,82.42,2,50000,1
STD-0364,91.24,65.99,1,0,0
STD-0365,77.53,90.62,1,10000,0
STD-0366,100.0,77.29,1,30000,0
STD-0367,99.22,56.09,2,20000,0
STD-0368,68.74,97.04,1,10000,0
STD-0369,98.56,74.59,1,0,0
STD-0370,75.6,64.73,1,10000,0
STD-0371,85.4,71.74,1,50000,0
STD-0372,73.3,84.38,3,0,1
STD-0373,87.7,99.41,2,10000,0
STD-0374,87.46,67.77,2,0,1
STD-0375,83.29,92.03,1,0,0
STD-0376,85.8,84.37,3,10000,1
STD-0377,85.44,77.53,1,100000,0
STD-0378,100.0,85.26,1,0,0
STD-0379,99.26,73.36,2,10000,0
STD-0380,65.77,60.54,1,0,0
STD-0381,69.82,98.34,1,75000,0
STD-0382,85.41,83.08,1,0,0
STD-0383,71.42,75.62,1,20000,0
STD-0384,79.41,87.05,1,0,0
STD-0385,92.75,68.58,1,10000,0
STD-0386,97.39,70.05,1,50000,0
STD-0387,80.18,54.21,3,0,0
STD-0388,91.17,51.65,3,0,1
STD-0389,91.73,61.41,1,0,0
STD-0390,97.13,62.14,1,10000,0
STD-0391,86.49,56.66,2,75000,0
STD-0392,84.92,91.43,1,10000,0
STD-0393,96.61,75.84,1,0,0
STD-0394,97.8,89.68,1,0,0
STD-0395,86.79,81.65,3,30000,0
STD-0396,63.24,65.79,1,75000,1
STD-0397,73.74,89.37,1,20000,0
STD-0398,96.64,90.08,1,10000,0
STD-0399,78.74,57.21,1,50000,0
STD-0400,100.0,69.82,1,0,0
STD-0401,95.09,68.9,1,0,0
STD-0402,79.36,100.0,2,10000,1
STD-0403,79.77,74.21,3,0,0
STD-0404,96.34,74.29,1,0,0
STD-0405,92.72,72.03,1,50000,0
STD-0406,84.7,94.41,1,20000,0
STD-0407,98.41,68.79,3,0,0
STD-0408,71.49,63.03,1,10000,0
STD-0409,83.7,99.96,3,30000,0
STD-0410,87.43,94.19,1,0,0
STD-0411,85.05,69.77,1,0,0
STD-0412,57.24,82.89,1,0,0
STD-0413,89.09,78.43,1,0,0
STD-0414,99.96,84.44,1,10000,0
STD-0415,93.51,69.29,1,0,0
STD-0416,76.55,86.43,3,30000,0
STD-0417,85.5,66.21,1,20000,0
STD-0418,71.24,71.59,2,20000,0
STD-0419,65.12,73.38,1,10000,0
STD-0420,82.45,89.6,1,0,0
STD-0421,96.3,75.74,1,0,0
STD-0422,97.86,72.97,1,10000,0
STD-0423,81.08,33.22,3,30000,1
STD-0424,82.21,78.9,1,10000,0
STD-0425,88.55,83.13,3,0,1
STD-0426,80.0,59.66,1,10000,0
STD-0427,100.0,68.28,1,0,0
STD-0428,83.41,49.15,1,0,0
STD-0429,100.0,75.56,3,0,1
STD-0430,83.26,72.47,2,0,0
STD-0431,82.98,85.26,1,0,0
STD-0432,72.77,92.91,1,20000,0
STD-0433,94.02,50.15,2,0,1
STD-0434,95.15,49.64,2,0,0
STD-0435,85.1,87.1,1,30000,0
STD-0436,84.07,79.3,1,50000,1
STD-0437,97.78,100.0,1,75000,1
STD-0438,90.47,79.91,1,0,0
STD-0439,86.94,86.31,1,0,0
STD-0440,100.0,65.26,1,0,0
STD-0441,74.66,80.47,2,0,0
STD-0442,91.41,53.16,1,0,0
STD-0443,94.0,90.89,2,0,0
STD-0444,82.38,71.72,2,0,0
STD-0445,84.46,83.94,2,30000,0
STD-0446,89.67,78.61,1,30000,0
STD-0447,72.3,43.49,3,0,0
STD-0448,78.94,67.91,1,10000,0
STD-0449,96.7,40.96,3,0,0
STD-0450,70.2,72.04,1,75000,0
STD-0451,91.07,59.7,2,0,0
STD-0452,93.77,74.03,3,30000,0
STD-0453,95.8,67.85,1,10000,0
STD-0454,83.56,69.4,1,30000,0
STD-0455,78.71,73.19,1,0,0
STD-0456,84.75,68.73,1,0,0
STD-0457,73.09,63.12,1,10000,0
STD-0458,79.05,86.36,1,50000,0
STD-0459,75.79,65.14,1,0,0
STD-0460,71.6,83.62,2,0,0
STD-0461,92.99,82.03,1,0,0
STD-0462,78.82,86.83,2,10000,0
STD-0463,79.6,75.22,1,0,0
STD-0464,86.11,100.0,1,0,0
STD-0465,88.98,95.18,3,75000,0
STD-0466,69.27,68.13,1,0,0
STD-0467,97.25,76.08,1,0,0
STD-0468,78.98,68.91,1,10000,0
STD-0469,76.64,94.74,3,0,1
STD-0470,87.17,83.35,1,10000,0
STD-0471,79.44,89.18,1,20000,0
STD-0472,84.57,80.78,1,10000,0
STD-0473,80.99,39.45,1,30000,0
STD-0474,87.34,97.25,1,30000,0
STD-0475,89.74,48.59,1,30000,0
STD-0476,86.42,94.26,3,0,0
STD-0477,93.07,76.89,1,100000,0
STD-0478,71.61,100.0,1,0,0
STD-0479,95.84,73.68,1,10000,0
STD-0480,94.92,61.57,3,0,0
STD-0481,66.21,63.55,1,20000,0
STD-0482,92.28,63.3,1,10000,0
STD-0483,76.61,75.66,2,0,0
STD-0484,88.09,81.69,1,30000,0
STD-0485,71.86,86.17,2,0,0
STD-0486,87.79,71.12,3,20000,0
STD-0487,100.0,79.59,1,30000,0
STD-0488,81.84,79.63,2,0,1
STD-0489,89.86,36.51,3,0,1
STD-0490,77.51,88.04,2,0,0
STD-0491,72.48,100.0,1,0,0
STD-0492,90.66,84.12,1,0,0
STD-0493,93.77,66.0,3,0,0
STD-0494,97.99,65.88,3,30000,0
STD-0495,64.42,49.24,1,0,1
STD-0496,67.2,99.07,1,100000,1
STD-0497,100.0,66.02,3,0,0
STD-0498,64.98,73.82,2,0,0
STD-0499,66.59,91.03,1,0,0
STD-0500,96.33,93.57,3,0,0
STD-0501,79.13,80.11,1,0,0
STD-0502,83.41,89.33,1,0,0
STD-0503,100.0,73.09,1,0,0
STD-0504,71.35,72.33,1,0,0
STD-0505,95.08,70.85,1,0,0
STD-0506,81.24,74.24,1,10000,0
STD-0507,71.18,90.44,2,30000,0
STD-0508,80.83,68.46,1,10000,0
STD-0509,79.24,95.7,2,0,0
STD-0510,69.83,82.04,2,20000,1
STD-0511,89.05,54.8,2,10000,0
STD-0512,78.86,67.22,1,0,0
STD-0513,95.44,81.13,1,50000,1
STD-0514,66.29,100.0,1,10000,0
STD-0515,88.85,78.44,1,0,0
STD-0516,97.3,54.14,3,0,0
STD-0517,82.47,67.16,1,10000,0
STD-0518,76.44,95.43,1,0,0
STD-0519,90.64,83.31,1,10000,0
STD-0520,64.96,80.46,1,50000,0
STD-0521,98.6,61.73,1,30000,0
STD-0522,77.94,56.56,1,0,0
STD-0523,100.0,83.32,1,20000,0
STD-0524,99.31,85.5,1,30000,0
STD-0525,82.12,80.36,3,10000,0
STD-0526,79.96,100.0,1,20000,0
STD-0527,81.36,86.0,3,10000,0
STD-0528,85.57,62.73,1,30000,0
STD-0529,89.52,98.63,1,10000,0
STD-0530,86.24,73.46,1,10000,0
STD-0531,81.74,81.74,1,0,0
STD-0532,82.65,97.23,1,20000,0
STD-0533,81.91,56.54,1,0,0
STD-0534,66.63,87.0,1,10000,1
STD-0535,80.75,75.69,1,20000,0
STD-0536,81.7,76.0,1,30000,0
STD-0537,88.99,100.0,1,0,0
STD-0538,92.69,58.14,1,0,0
STD-0539,80.24,86.02,1,20000,0
STD-0540,65.67,63.71,1,0,0
STD-0541,95.14,66.12,1,0,0
STD-0542,86.97,56.57,1,0,0
STD-0543,90.82,66.93,1,0,0
STD-0544,98.61,79.45,2,0,0
STD-0545,81.22,94.11,1,0,0
STD-0546,78.73,67.2,3,50000,0
STD-0547,93.5,66.86,1,50000,0
STD-0548,94.35,97.89,2,20000,0
STD-0549,96.86,82.19,2,0,0
STD-0550,75.81,64.22,1,30000,0
STD-0551,95.62,74.55,1,10000,0
STD-0552,78.38,53.84,1,20000,0
STD-0553,71.03,70.11,1,0,0
STD-0554,100.0,81.4,2,0,0
STD-0555,88.94,100.0,3,20000,0
STD-0556,79.39,76.14,1,0,0
STD-0557,74.88,100.0,1,20000,0
STD-0558,74.15,80.31,2,10000,0
STD-0559,86.53,100.0,2,10000,1
STD-0560,86.06,74.31,2,20000,0
STD-0561,91.49,68.98,1,0,0
STD-0562,74.91,62.8,2,0,0
STD-0563,98.95,91.58,1,10000,0
STD-0564,82.49,84.02,1,30000,0
STD-0565,81.69,91.33,1,10000,0
STD-0566,84.74,61.24,1,10000,0
STD-0567,62.98,88.17,2,0,0
STD-0568,76.28,96.26,3,0,0
STD-0569,93.48,100.0,3,0,0
STD-0570,94.29,75.02,1,0,0
STD-0571,100.0,54.0,2,50000,1
STD-0572,77.26,67.21,1,10000,0
STD-0573,85.2,73.99,1,50000,0
STD-0574,68.83,74.59,2,10000,1
STD-0575,87.9,90.9,3,20000,0
STD-0576,92.97,100.0,1,10000,0
STD-0577,89.4,100.0,1,10000,0
STD-0578,85.31,71.08,1,0,0
STD-0579,91.17,85.78,1,0,0
STD-0580,69.78,87.77,1,10000,0
STD-0581,81.96,77.04,1,10000,0
STD-0582,95.84,75.26,3,0,0
STD-0583,73.27,81.04,1,30000,0
STD-0584,88.87,71.68,2,0,0
STD-0585,81.71,100.0,2,20000,0
STD-0586,87.13,84.3,1,50000,0
STD-0587,87.94,69.14,1,0,0
STD-0588,85.26,81.92,1,0,0
STD-0589,98.32,73.81,1,30000,0
STD-0590,80.53,73.2,1,0,0
STD-0591,80.33,71.53,2,0,0
STD-0592,100.0,52.3,1,20000,0
STD-0593,100.0,78.87,1,0,0
STD-0594,91.24,92.91,1,0,0
STD-0595,73.1,66.04,1,10000,0
STD-0596,80.59,71.59,1,20000,0
STD-0597,81.12,60.39,1,10000,0
STD-0598,83.44,77.08,1,0,0
STD-0599,100.0,62.94,1,30000,0
STD-0600,82.84,68.15,1,0,0
STD-0601,94.68,65.68,3,20000,0
STD-0602,86.22,88.33,2,0,0
STD-0603,95.13,60.75,1,0,0
STD-0604,93.36,79.53,1,0,0
STD-0605,81.73,82.62,2,0,0
STD-0606,75.31,99.49,3,100000,1
STD-0607,100.0,61.87,1,10000,0
STD-0608,81.14,76.89,1,0,0
STD-0609,72.67,83.09,1,0,0
STD-0610,90.07,70.7,1,10000,0
STD-0611,92.7,56.86,1,0,0
STD-0612,79.12,70.2,1,0,0
STD-0613,75.94,75.75,3,10000,0
STD-0614,100.0,89.13,1,0,0
STD-0615,79.77,59.1,1,0,0
STD-0616,84.04,37.78,1,0,0
STD-0617,94.14,68.6,2,0,0
STD-0618,82.6,79.75,2,10000,0
STD-0619,78.66,52.1,1,0,0
STD-0620,93.32,94.32,3,10000,0
STD-0621,98.68,65.52,3,50000,0
STD-0622,77.69,97.4,2,0,0
STD-0623,100.0,71.79,1,10000,0
STD-0624,78.3,82.19,3,0,0
STD-0625,73.76,92.26,1,30000,0
STD-0626,89.12,69.63,1,10000,0
STD-0627,80.39,73.65,1,30000,0
STD-0628,100.0,86.59,3,0,0
STD-0629,68.6,100.0,2,30000,1
STD-0630,83.89,61.3,1,0,0
STD-0631,84.38,100.0,3,20000,0
STD-0632,74.46,71.12,1,10000,0
STD-0633,89.57,67.83,1,50000,0
STD-0634,95.59,69.65,2,10000,1
STD-0635,82.17,99.11,1,30000,0
STD-0636,88.08,69.24,1,10000,0
STD-0637,84.5,93.33,1,0,0
STD-0638,98.45,55.89,3,0,0
STD-0639,84.75,74.76,1,0,0
STD-0640,71.11,67.32,1,0,0
STD-0641,75.58,77.32,1,10000,0
STD-0642,92.75,66.04,1,0,0
STD-0643,74.26,51.47,1,0,0
STD-0644,90.9,65.95,1,10000,0
STD-0645,82.55,68.3,1,10000,0
STD-0646,70.85,77.11,1,20000,0
STD-0647,66.91,54.99,1,50000,0
STD-0648,100.0,63.33,1,0,0
STD-0649,82.72,100.0,1,0,0
STD-0650,88.4,83.25,2,0,0
STD-0651,76.19,94.02,1,10000,0
STD-0652,73.22,90.86,1,50000,0
STD-0653,80.31,81.83,3,20000,0
STD-0654,89.3,64.62,3,0,0
STD-0655,69.25,72.3,1,0,0
STD-0656,78.72,54.42,2,20000,1
STD-0657,92.02,69.35,2,0,0
STD-0658,95.87,73.68,1,20000,0
STD-0659,93.73,82.76,1,0,0
STD-0660,73.37,91.99,1,0,0
STD-0661,84.47,62.12,1,50000,0
STD-0662,86.77,70.84,3,0,0
STD-0663,83.75,90.57,1,10000,0
STD-0664,72.25,79.24,1,30000,0
STD-0665,89.41,48.71,2,100000,1
STD-0666,77.27,79.42,1,10000,0
STD-0667,73.94,74.91,1,0,0
STD-0668,92.11,100.0,3,50000,1
STD-0669,85.92,47.87,1,50000,0
STD-0670,98.13,65.23,1,0,0
STD-0671,72.0,69.52,1,10000,0
STD-0672,100.0,92.26,3,50000,1
STD-0673,78.42,63.9,2,30000,0
STD-0674,90.36,81.3,1,50000,0
STD-0675,85.72,69.35,1,10000,0
STD-0676,75.74,66.2,1,30000,0
STD-0677,94.68,77.41,2,0,0
STD-0678,75.8,88.09,1,0,0
STD-0679,62.61,37.6,2,30000,1
STD-0680,66.95,87.83,1,10000,0
STD-0681,85.73,66.31,2,30000,0
STD-0682,80.69,59.53,1,0,0
STD-0683,77.5,89.72,1,10000,0
STD-0684,78.62,69.12,1,10000,0
STD-0685,100.0,78.08,1,30000,0
STD-0686,98.93,95.93,1,0,0
STD-0687,84.81,92.59,3,20000,0
STD-0688,82.2,86.44,1,0,0
STD-0689,92.35,72.78,1,10000,0
STD-0690,86.44,66.82,3,10000,0
STD-0691,56.77,77.31,1,0,0
STD-0692,89.15,100.0,1,10000,0
STD-0693,74.17,85.78,1,0,0
STD-0694,89.97,50.96,1,10000,0
STD-0695,72.53,90.75,3,0,0
STD-0696,97.52,65.0,1,0,0
STD-0697,67.76,75.6,1,10000,0
STD-0698,82.34,66.0,1,0,0
STD-0699,88.56,62.61,1,10000,0
STD-0700,83.57,71.88,1,10000,0
STD-0701,84.38,100.0,2,20000,0
STD-0702,70.22,85.93,1,50000,0
STD-0703,91.09,55.78,1,75000,1
STD-0704,95.49,55.67,2,0,0
STD-0705,76.4,85.04,1,0,0
STD-0706,60.96,75.53,1,20000,0
STD-0707,91.14,78.77,1,10000,0
STD-0708,85.15,52.62,1,0,0
STD-0709,97.46,63.45,1,30000,0
STD-0710,82.98,92.78,1,0,0
STD-0711,87.31,78.31,3,50000,0
STD-0712,70.88,67.67,2,0,1
STD-0713,80.17,61.06,1,0,0
STD-0714,90.15,57.42,1,0,0
STD-0715,77.45,79.29,1,0,0
STD-0716,89.9,78.06,1,30000,0
STD-0717,97.56,94.77,3,0,0
STD-0718,76.89,100.0,3,30000,0
STD-0719,88.85,61.59,1,20000,0
STD-0720,100.0,90.56,2,0,0
STD-0721,89.2,41.31,3,0,0
STD-0722,98.56,89.23,1,50000,0
STD-0723,80.37,78.64,3,20000,0
STD-0724,88.26,67.61,1,20000,0
STD-0725,86.76,75.63,1,30000,0
STD-0726,90.09,79.22,1,0,0
STD-0727,78.55,83.9,1,0,0
STD-0728,93.09,100.0,2,20000,0
STD-0729,74.84,62.19,3,50000,0
STD-0730,81.89,63.07,1,50000,0
STD-0731,83.87,78.89,1,0,0
STD-0732,76.74,78.96,1,0,0
STD-0733,94.86,86.68,1,10000,0
STD-0734,73.22,69.54,1,10000,0
STD-0735,79.0,96.58,3,0,0
STD-0736,89.58,60.41,1,20000,0
STD-0737,67.01,88.42,1,0,0
STD-0738,78.27,82.59,1,50000,1
STD-0739,81.36,67.75,3,10000,0
STD-0740,84.06,62.24,1,0,0
STD-0741,90.24,64.96,1,0,0
STD-0742,74.26,97.52,1,10000,0
STD-0743,79.56,39.18,1,0,0
STD-0744,86.26,72.89,3,0,0
STD-0745,90.98,98.35,3,0,0
STD-0746,79.52,55.42,1,20000,0
STD-0747,100.0,90.32,1,0,0
STD-0748,82.49,65.52,3,0,0
STD-0749,96.91,55.47,1,0,0
STD-0750,96.94,93.1,3,10000,0
STD-0751,77.59,78.65,1,0,0
STD-0752,85.76,66.22,3,0,0
STD-0753,88.17,73.61,3,10000,0
STD-0754,89.79,89.7,2,0,1
STD-0755,84.58,74.87,1,50000,0
STD-0756,88.84,69.2,2,0,0
STD-0757,72.07,72.87,3,10000,0
STD-0758,83.67,86.54,1,10000,0
STD-0759,71.8,91.23,2,10000,0
STD-0760,70.14,64.86,2,0,0
STD-0761,85.33,95.6,1,10000,0
STD-0762,90.1,69.23,2,0,0
STD-0763,90.7,83.68,1,0,0
STD-0764,71.18,77.37,1,0,0
STD-0765,92.31,76.44,1,0,0
STD-0766,95.33,80.74,1,0,0
STD-0767,88.03,75.58,3,0,0
STD-0768,76.87,77.66,2,0,0
STD-0769,95.03,65.27,2,0,0
STD-0770,89.14,88.39,1,10000,0
STD-0771,86.42,37.1,1,30000,0
STD-0772,77.26,67.62,1,0,0
STD-0773,86.52,56.47,3,20000,0
STD-0774,72.8,72.01,1,75000,0
STD-0775,92.41,86.15,1,0,0
STD-0776,85.5,94.04,1,0,0
STD-0777,89.67,79.8,1,10000,0
STD-0778,100.0,90.13,1,30000,0
STD-0779,70.55,98.97,1,0,0
STD-0780,89.12,75.32,1,0,0
STD-0781,70.18,80.51,3,50000,0
STD-0782,79.26,67.63,3,50000,1
STD-0783,74.05,57.71,2,10000,0
STD-0784,76.46,84.16,1,0,0
STD-0785,81.39,78.28,2,20000,0
STD-0786,87.72,78.55,1,20000,0
STD-0787,71.24,51.61,1,0,0
STD-0788,84.38,84.42,1,50000,1
STD-0789,79.2,65.2,1,100000,0
STD-0790,81.89,69.94,3,0,0
STD-0791,93.2,67.71,1,0,0
STD-0792,85.29,44.06,1,10000,0
STD-0793,92.24,73.61,1,10000,0
STD-0794,100.0,65.2,1,0,0
STD-0795,76.64,83.98,1,0,0
STD-0796,76.67,85.66,1,75000,0
STD-0797,75.26,91.58,1,10000,0
STD-0798,75.83,56.53,1,0,0
STD-0799,97.03,98.64,1,20000,0
STD-0800,78.99,55.1,3,0,1
STD-0801,87.62,59.17,2,10000,0
STD-0802,55.99,39.75,3,0,0
STD-0803,95.48,87.78,1,0,0
STD-0804,85.09,61.97,3,20000,0
STD-0805,86.47,79.75,1,0,0
STD-0806,71.6,83.22,1,0,0
STD-0807,70.74,65.36,1,0,0
STD-0808,74.16,60.39,1,0,0
STD-0809,88.21,77.52,2,50000,0
STD-0810,91.33,78.72,1,10000,0
STD-0811,95.79,59.73,1,10000,0
STD-0812,95.1,52.13,3,0,0
STD-0813,86.72,49.3,1,0,0
STD-0814,90.43,100.0,2,0,0
STD-0815,86.17,82.14,1,50000,0
STD-0816,84.2,73.38,1,10000,0
STD-0817,88.0,68.56,3,0,0
STD-0818,72.0,56.33,3,10000,0
STD-0819,86.81,91.11,2,0,0
STD-0820,86.38,52.93,3,30000,0
STD-0821,84.5,69.65,1,10000,0
STD-0822,86.55,76.59,1,0,0
STD-0823,94.95,77.1,1,0,0
STD-0824,76.75,71.98,3,0,0
STD-0825,77.38,92.9,1,0,0
STD-0826,100.0,31.68,1,0,0
STD-0827,100.0,77.09,1,0,0
STD-0828,99.65,83.13,1,75000,0
STD-0829,94.6,87.07,3,30000,0
STD-0830,81.83,87.95,1,10000,0
STD-0831,68.62,61.33,3,30000,1
STD-0832,74.56,76.38,1,20000,0
STD-0833,73.52,78.79,1,50000,1
STD-0834,86.18,65.72,1,0,0
STD-0835,90.86,77.53,3,30000,0
STD-0836,99.95,83.12,1,10000,0
STD-0837,80.87,88.14,1,0,0
STD-0838,68.69,32.04,1,0,1
STD-0839,75.27,81.69,1,50000,0
STD-0840,79.35,95.46,1,20000,0
STD-0841,80.35,88.18,1,0,0
STD-0842,88.18,62.65,2,10000,0
STD-0843,90.98,80.31,1,0,0
STD-0844,70.15,93.59,1,10000,0
STD-0845,85.75,83.17,3,50000,1
STD-0846,75.32,68.09,1,75000,0
STD-0847,87.47,93.68,1,0,0
STD-0848,97.75,64.23,2,0,0
STD-0849,73.74,83.8,3,0,0
STD-0850,82.84,96.14,3,0,0
STD-0851,84.1,68.94,2,0,0
STD-0852,86.25,60.32,1,0,0
STD-0853,81.88,63.13,2,10000,0
STD-0854,82.68,93.48,1,0,0
STD-0855,78.1,85.51,1,0,0
STD-0856,69.62,99.72,1,50000,1
STD-0857,78.42,100.0,2,20000,0
STD-0858,75.05,56.17,1,0,0
STD-0859,88.65,63.46,2,30000,0
STD-0860,59.91,40.86,1,0,1
STD-0861,87.35,79.28,1,50000,0
STD-0862,87.59,58.62,2,50000,0
STD-0863,82.09,71.44,1,20000,0
STD-0864,93.95,73.35,1,30000,0
STD-0865,94.44,86.91,1,30000,0
STD-0866,85.18,70.01,1,10000,0
STD-0867,69.45,65.38,1,20000,0
STD-0868,100.0,72.96,1,0,0
STD-0869,100.0,65.68,1,100000,0
STD-0870,94.17,100.0,2,0,0
STD-0871,78.09,74.4,1,10000,0
STD-0872,79.87,78.73,2,20000,0
STD-0873,89.25,59.63,2,20000,0
STD-0874,95.61,63.48,1,0,0
STD-0875,74.35,55.98,1,0,0
STD-0876,66.18,100.0,3,0,0
STD-0877,80.48,71.58,2,0,0
STD-0878,77.3,63.66,1,10000,0
STD-0879,85.22,90.15,1,30000,0
STD-0880,90.87,79.9,2,50000,0
STD-0881,85.01,77.18,2,0,0
STD-0882,95.44,67.52,2,30000,0
STD-0883,83.08,75.7,1,0,0
STD-0884,73.82,48.03,1,0,0
STD-0885,71.03,87.28,1,0,0
STD-0886,83.42,80.32,1,20000,0
STD-0887,77.13,82.56,1,0,0
STD-0888,82.93,85.79,1,0,0
STD-0889,81.59,67.43,1,100000,0
STD-0890,99.37,75.81,2,20000,0
STD-0891,94.25,89.88,3,10000,0
STD-0892,84.01,58.54,1,0,0
STD-0893,63.38,88.12,1,10000,0
STD-0894,96.42,66.89,1,0,0
STD-0895,75.64,86.45,1,0,0
STD-0896,100.0,50.14,1,0,0
STD-0897,77.72,68.86,3,0,0
STD-0898,69.37,46.48,1,0,1
STD-0899,85.25,60.87,1,0,0
STD-0900,96.45,67.53,1,10000,0
STD-0901,73.29,69.8,3,0,0
STD-0902,82.91,60.63,1,0,0
STD-0903,81.0,100.0,2,0,0
STD-0904,73.17,62.0,1,0,0
STD-0905,80.31,77.15,1,100000,0
STD-0906,89.5,60.35,1,0,0
STD-0907,92.1,75.25,3,0,0
STD-0908,80.44,70.96,2,0,0
STD-0909,81.49,65.83,1,10000,0
STD-0910,85.29,91.01,1,0,0
STD-0911,73.45,67.9,1,10000,0
STD-0912,88.68,88.88,1,20000,0
STD-0913,89.32,48.87,1,0,0
STD-0914,73.05,82.0,2,75000,0
STD-0915,90.33,69.62,1,0,0
STD-0916,85.08,82.13,2,0,0
STD-0917,80.39,60.25,2,0,0
STD-0918,84.39,50.67,3,20000,0
STD-0919,100.0,65.56,1,50000,0
STD-0920,73.95,74.4,1,10000,0
STD-0921,85.38,93.44,1,50000,0
STD-0922,76.72,60.38,1,30000,0
STD-0923,100.0,68.89,2,50000,0
STD-0924,86.85,93.27,1,0,0
STD-0925,85.61,85.85,1,0,0
STD-0926,84.45,79.65,3,100000,1
STD-0927,98.45,84.9,1,10000,0
STD-0928,100.0,100.0,1,0,0
STD-0929,74.58,80.45,1,30000,0
STD-0930,82.73,51.69,1,0,1
STD-0931,75.1,62.81,1,0,0
STD-0932,98.29,67.09,1,10000,0
STD-0933,83.28,68.33,1,30000,0
STD-0934,69.66,73.88,3,0,1
STD-0935,82.96,72.81,1,0,0
STD-0936,79.9,58.84,3,20000,0
STD-0937,81.39,79.42,1,20000,0
STD-0938,100.0,64.13,1,0,0
STD-0939,74.09,61.52,1,10000,0
STD-0940,78.14,70.66,2,0,0
STD-0941,92.02,74.19,1,20000,0
STD-0942,81.68,55.48,1,30000,0
STD-0943,97.93,68.78,2,0,0
STD-0944,87.15,72.56,2,10000,0
STD-0945,94.9,82.72,1,10000,0
STD-0946,91.63,85.49,3,0,0
STD-0947,85.13,61.42,1,0,0
STD-0948,91.79,56.18,1,0,0
STD-0949,74.85,71.85,3,0,0
STD-0950,86.04,89.97,1,20000,0
STD-0951,89.23,89.87,1,0,0
STD-0952,93.63,82.68,1,20000,0
STD-0953,75.98,47.77,1,20000,1
STD-0954,83.55,66.4,3,0,0
STD-0955,83.39,56.06,2,0,0
STD-0956,64.51,74.13,1,0,0
STD-0957,74.65,69.77,3,30000,0
STD-0958,76.88,73.76,1,50000,0
STD-0959,97.97,50.52,1,50000,1
STD-0960,71.23,95.86,3,0,0
STD-0961,100.0,51.96,1,30000,0
STD-0962,74.18,94.37,3,0,0
STD-0963,87.55,87.79,3,10000,0
STD-0964,78.25,70.77,1,0,0
STD-0965,85.12,71.15,1,0,0
STD-0966,72.44,62.74,1,50000,0
STD-0967,80.09,97.47,1,0,0
STD-0968,83.26,85.55,3,0,0
STD-0969,88.12,51.0,1,10000,0
STD-0970,89.81,66.23,1,0,0
STD-0971,100.0,82.13,2,0,0
STD-0972,97.74,61.38,1,30000,0
STD-0973,77.71,83.29,1,10000,0
STD-0974,84.27,85.24,1,0,0
STD-0975,64.2,72.67,3,0,0
STD-0976,84.13,72.58,1,0,0
STD-0977,64.62,49.27,1,10000,0
STD-0978,71.92,75.56,1,0,0
STD-0979,89.6,87.55,1,20000,0
STD-0980,71.08,72.35,3,10000,0
STD-0981,92.2,72.16,1,75000,0
STD-0982,100.0,79.62,1,0,0
STD-0983,98.62,83.67,2,0,0
STD-0984,89.87,100.0,1,0,0
STD-0985,94.42,89.48,3,0,0
STD-0986,92.47,63.41,2,10000,0
STD-0987,93.12,64.32,1,20000,0
STD-0988,85.07,57.59,1,0,0
STD-0989,83.58,83.84,1,50000,0
STD-0990,87.08,59.4,3,0,0
STD-0991,85.28,81.41,1,0,0
STD-0992,81.48,60.47,1,30000,0
STD-0993,82.66,86.27,3,30000,0
STD-0994,82.5,34.7,1,0,0
STD-0995,74.15,100.0,1,20000,0
STD-0996,86.47,73.35,1,0,0
STD-0997,90.03,66.16,2,0,1
STD-0998,72.44,59.55,1,0,0
STD-0999,83.04,70.9,2,30000,1
STD-1000,79.0,92.73,1,20000,0
